name,handedness,height,weight,avg,HR,id
Vida Blue,B,72,189,0.104,4,1
Joaquin Andujar,B,72,170,0.127,5,2
Fritz Peterson,B,72,185,0.159,2,3
Buddy Biancalana,B,71,160,0.205,6,4
Steve Huntz,B,73,204,0.206,16,5
Steve Jeltz,B,71,180,0.21,5,6
Rusty Torres,B,70,175,0.212,35,7
Joe Lovitto,B,72,185,0.216,4,8
Vic Harris,B,71,165,0.217,13,9
Darrel Chaney,B,74,188,0.217,14,10
Al Weis,B,72,160,0.219,7,11
Chris Bando,B,72,195,0.227,27,12
Tim Blackwell,B,71,170,0.228,6,13
Gene Michael,B,74,183,0.229,15,14
Dave McKay,B,73,195,0.229,21,15
Billy Smith,B,74,185,0.23,17,16
Roger Metzger,B,72,165,0.231,5,17
Ted Kubiak,B,72,175,0.231,13,18
Buck Rodgers,B,74,190,0.232,31,19
Paul Popovich,B,72,175,0.233,14,20
Bill Sudakis,B,73,190,0.234,59,21
Rick Sweet,B,73,200,0.234,6,22
Rodney Scott,B,72,160,0.236,3,23
Bud Harrelson,B,71,160,0.236,7,24
Bob Meacham,B,73,175,0.236,8,25
Paul Householder,B,72,180,0.236,29,26
Rafael Landestoy,B,70,165,0.237,4,27
Jimmy Stewart,B,72,165,0.237,8,28
Julio Cruz,B,69,165,0.237,23,29
Ron Roenicke,B,72,180,0.238,17,30
Chico Ruiz,B,72,169,0.24,2,31
Mike Ramsey,B,73,170,0.24,2,32
Wayne Tolleson,B,69,160,0.241,9,33
Manny Castillo,B,69,160,0.242,3,34
Joe Wallis,B,71,180,0.244,16,35
Sandy Alomar,B,69,140,0.245,13,36
Bryan Little,B,70,160,0.245,3,37
George Wright,B,71,180,0.245,42,38
Tom Tresh,B,73,180,0.245,153,39
Alan Ashby,B,74,185,0.245,90,40
Bobby Brown,B,74,190,0.245,26,41
Mike Young,B,74,195,0.247,72,42
Derrel Thomas,B,72,160,0.249,43,43
Tony Scott,B,72,164,0.249,17,44
Wilbur Howard,B,74,170,0.25,6,45
Bob Stinson,B,71,180,0.25,33,46
Albert Hall,B,71,155,0.251,5,47
U L Washington,B,71,175,0.251,27,48
Jim Lefebvre,B,72,180,0.251,74,49
Don Kessinger,B,73,170,0.252,14,50
Jerry White,B,70,164,0.253,21,51
Larry Milbourne,B,72,161,0.254,11,52
Wallace Johnson,B,72,173,0.255,5,53
Butch Wynegar,B,73,190,0.255,65,54
Horace Clarke,B,69,170,0.256,27,55
Len Randle,B,70,169,0.257,27,56
Biff Pocoroba,B,70,175,0.257,21,57
Ken Henderson,B,74,180,0.257,122,58
Roy Smalley,B,73,185,0.257,163,59
Jerry Hairston,B,70,170,0.258,30,60
Alan Wiggins,B,74,160,0.259,5,61
Lee Mazzilli,B,73,180,0.259,93,62
Larry Bowa,B,70,155,0.26,15,63
Billy North,B,71,185,0.261,20,64
Richie Scheinblum,B,73,180,0.263,13,65
Don Buford,B,67,160,0.264,93,66
Miguel Dilone,B,72,160,0.265,6,67
Ron Oester,B,74,185,0.265,42,68
Bump Wills,B,69,172,0.266,36,69
Wes Parker,B,73,180,0.267,64,70
R.J. Reynolds,B,72,190,0.267,35,71
Tito Fuentes,B,71,175,0.268,45,72
Roy White,B,70,160,0.271,160,73
Dave Collins,B,71,175,0.272,32,74
Darrell Brown,B,72,184,0.274,1,75
Steve Ontiveros,B,72,185,0.274,24,76
Rick Peters,B,69,170,0.277,2,77
Ken Singleton,B,76,210,0.282,246,78
Ted Simmons,B,71,193,0.285,248,79
Reggie Smith,B,72,180,0.287,314,80
Jerry Mumphrey,B,74,185,0.289,70,81
Johnny Ray,B,71,170,0.29,53,82
Pete Rose,B,71,192,0.303,160,83
Steve Barber,L,72,195,0.115,5,84
Bob Knepper,L,75,195,0.137,6,85
Sam McDowell,L,77,190,0.154,2,86
Jerry Reuss,L,77,200,0.167,1,87
Ray Sadecki,L,71,180,0.191,5,88
Dave Roberts,L,75,195,0.194,7,89
Dan Briggs,L,72,180,0.195,12,90
Jim French,L,68,180,0.196,5,91
Jim Maloney,L,74,190,0.201,7,92
John Hale,L,74,195,0.201,14,93
Doug Frobel,L,76,196,0.201,20,94
Steve Carlton,L,76,210,0.201,13,95
Jim Mason,L,74,185,0.203,12,96
Don Mason,L,71,160,0.205,3,97
Jerry Narron,L,75,205,0.211,21,98
Rudy Meoli,L,69,165,0.212,2,99
Hal King,L,73,200,0.214,24,100
Tom Matchick,L,73,173,0.215,4,101
John Stephenson,L,71,180,0.216,12,102
Billy Bryan,L,76,200,0.216,41,103
Ellie Hendricks,L,73,175,0.22,62,104
Jim Nettles,L,72,186,0.22,16,105
Bob Jones,L,74,195,0.221,20,106
Joe Lahoud,L,73,198,0.223,65,107
Bob Burda,L,71,174,0.224,13,108
Roger Repoz,L,75,190,0.224,82,109
Dick Nen,L,74,200,0.224,21,110
Tom Satriano,L,73,185,0.225,21,111
Jim Gosger,L,71,185,0.226,30,112
Bill Voss,L,74,160,0.227,19,113
Mike Fiore,L,72,175,0.227,13,114
Johnny Lewis,L,73,189,0.227,22,115
Jim Traber,L,72,194,0.227,27,116
Dick Phillips,L,72,180,0.229,12,117
Doug Clemens,L,72,180,0.229,12,118
Duane Walker,L,72,185,0.229,24,119
Mike Brumley,L,70,195,0.229,5,120
Sandy Valdespino,L,68,170,0.23,7,121
Steve Whitaker,L,72,180,0.23,24,122
Larry Stahl,L,72,175,0.232,36,123
Jake Gibbs,L,72,180,0.233,25,124
Clay Dalrymple,L,72,190,0.233,55,125
Wayne Gross,L,74,210,0.233,121,126
Len Matuszek,L,74,190,0.234,30,127
Al Luplow,L,70,175,0.235,33,128
Dalton Jones,L,73,180,0.235,41,129
Tim Harkness,L,74,182,0.235,14,130
Jim Fairey,L,70,190,0.235,7,131
Danny Goodwin,L,73,195,0.236,13,132
Jerry Kenney,L,73,170,0.237,7,133
Ed Stroud,L,71,180,0.237,14,134
Harry Spilman,L,73,180,0.237,18,135
Curt Blefary,L,74,195,0.237,112,136
John Donaldson,L,71,160,0.238,4,137
Ty Cline,L,72,170,0.238,6,138
Norm Miller,L,70,185,0.238,24,139
Ed Kirkpatrick,L,71,195,0.238,85,140
Wayne Garrett,L,71,175,0.239,61,141
Bernie Allen,L,72,175,0.239,73,142
Joe Hague,L,72,195,0.239,40,143
Duke Sims,L,74,197,0.239,100,144
Ken Phelps,L,73,209,0.239,123,145
Mike Phillips,L,72,170,0.24,11,146
Ron Hodges,L,73,185,0.24,19,147
Ed Herrmann,L,73,195,0.24,80,148
Ron Stone,L,74,185,0.241,6,149
Frank Tepedino,L,71,185,0.241,6,150
Bill Fahey,L,72,200,0.241,7,151
Joe Simpson,L,75,175,0.242,9,152
Mike Hegan,L,73,188,0.242,53,153
Johnny Edwards,L,76,220,0.242,81,154
Bobby Mitchell,L,70,170,0.243,3,155
Chuck Hiller,L,71,170,0.243,20,156
Rick Sofield,L,73,195,0.243,9,157
Mike Jorgensen,L,72,195,0.243,95,158
Ray Webster,L,72,185,0.244,17,159
Mike Epstein,L,75,230,0.244,130,160
Curt Ford,L,70,150,0.245,7,161
Jack Brohamer,L,70,165,0.245,30,162
Dave Marshall,L,73,182,0.246,16,163
Tommy McCraw,L,72,183,0.246,75,164
Joe Keough,L,72,185,0.246,9,165
Dwayne Murphy,L,73,185,0.246,166,166
Merritt Ranew,L,71,170,0.247,8,167
Garry Hancock,L,72,175,0.247,12,168
Marvell Wynne,L,71,175,0.247,40,169
Dick McAuliffe,L,71,176,0.247,197,170
Mike Lum,L,72,180,0.247,90,171
Darrell Porter,L,72,193,0.247,188,172
Ken Boswell,L,72,170,0.248,31,173
Jim Lyttle,L,72,180,0.248,9,174
Tom Hutton,L,71,180,0.248,22,175
Rob Wilfong,L,73,180,0.248,39,176
Graig Nettles,L,72,180,0.248,390,177
Willie Smith,L,72,182,0.248,46,178
Larry Harlow,L,74,185,0.248,12,179
Darrell Evans,L,74,200,0.248,414,180
Gary Thomasson,L,73,180,0.249,61,181
John Milner,L,72,185,0.249,131,182
Don Mincher,L,75,205,0.249,200,183
Ruppert Jones,L,70,170,0.25,147,184
Denny Doyle,L,69,175,0.25,16,185
Terry Crowley,L,72,180,0.25,42,186
Johnny Oates,L,71,188,0.25,14,187
Jim Spencer,L,74,195,0.25,146,188
Leron Lee,L,72,196,0.25,31,189
Sonny Jackson,L,69,150,0.251,7,190
Jesse Gonder,L,70,180,0.251,26,191
Dave May,L,70,186,0.251,96,192
Omar Moreno,L,74,180,0.252,37,193
Mack Jones,L,73,180,0.252,133,194
Art Shamsky,L,73,168,0.253,68,195
Eddie Milner,L,71,173,0.253,42,196
John Lowenstein,L,72,175,0.253,116,197
Dan Meyer,L,71,180,0.253,86,198
Rich Reese,L,75,185,0.253,52,199
Fred Whitfield,L,73,190,0.253,108,200
Johnny Briggs,L,73,190,0.253,139,201
Len Gabrielson,L,76,210,0.253,37,202
John Mayberry,L,75,215,0.253,255,203
Rich Chiles,L,71,170,0.254,6,204
Brian Asselstine,L,73,175,0.254,12,205
Jimmie Hall,L,72,175,0.254,121,206
Pete Ward,L,73,185,0.254,98,207
Tim Flannery,L,71,175,0.255,9,208
Bill Sharp,L,70,178,0.255,9,209
Lee Thomas,L,74,195,0.255,106,210
Champ Summers,L,74,205,0.255,54,211
Pat Putnam,L,72,205,0.255,63,212
Tony Solaita,L,72,210,0.255,50,213
Boots Day,L,69,160,0.256,8,214
Craig Reynolds,L,73,175,0.256,42,215
Tom O'Malley,L,72,180,0.256,13,216
Walt Bond,L,79,228,0.256,41,217
Dave Rader,L,71,165,0.257,30,218
Jerry Turner,L,69,180,0.257,45,219
Rick Manning,L,73,180,0.257,56,220
Tom Haller,L,76,195,0.257,134,221
Pete LaCock,L,74,200,0.257,27,222
Gates Brown,L,71,220,0.257,84,223
Cesar Geronimo,L,72,165,0.258,51,224
Joe Lefebvre,L,70,170,0.258,31,225
Mike Cubbage,L,72,180,0.258,34,226
Del Unser,L,73,180,0.258,87,227
Joe Pepitone,L,74,185,0.258,219,228
Steve Hovley,L,70,188,0.258,8,229
Rowland Office,L,72,170,0.259,32,230
Hosken Powell,L,73,175,0.259,17,231
Mike Davis,L,74,175,0.259,91,232
Tony Muser,L,74,180,0.259,7,233
Ed Ott,L,70,190,0.259,33,234
Clint Hurdle,L,75,195,0.259,32,235
Brock Davis,L,70,160,0.26,1,236
Jim Dwyer,L,70,165,0.26,77,237
Ed Goodson,L,75,180,0.26,30,238
Mike Squires,L,71,185,0.26,6,239
Greg Walker,L,75,205,0.26,113,240
Jose Tartabull,L,71,165,0.261,2,241
Roy Howell,L,73,190,0.261,80,242
Bob Chance,L,74,196,0.261,24,243
Jason Thompson,L,76,200,0.261,208,244
Ed Kranepool,L,75,205,0.261,118,245
Willie Upshaw,L,72,185,0.262,123,246
Scot Thompson,L,75,195,0.262,5,247
Reggie Jackson,L,72,195,0.262,563,248
Joe Nolan,L,71,175,0.263,27,249
Bruce Boisclair,L,74,185,0.263,10,250
Ted Uhlaender,L,74,190,0.263,36,251
Milt May,L,72,190,0.263,77,252
Bernie Carbo,L,71,173,0.264,96,253
Jim Norris,L,70,175,0.264,7,254
Phil Mankowski,L,72,180,0.264,8,255
Ken Retzer,L,72,185,0.264,14,256
Pat Kelly,L,73,185,0.264,76,257
Bob Molinaro,L,72,190,0.264,14,258
Rick Monday,L,75,193,0.264,241,259
Oscar Gamble,L,71,160,0.265,200,260
Rich Coggins,L,68,170,0.265,12,261
Bobby Tolan,L,71,170,0.265,86,262
Jim Holt,L,72,180,0.265,19,263
Daryl Sconiers,L,74,185,0.265,15,264
Dave Revering,L,76,210,0.265,62,265
Wayne Krenchicki,L,73,180,0.266,15,266
Gail Hopkins,L,70,198,0.266,25,267
Mitchell Page,L,74,205,0.266,72,268
Boog Powell,L,76,230,0.266,339,269
Jay Johnstone,L,73,175,0.267,102,270
Dan Driessen,L,71,187,0.267,153,271
Jim Northrup,L,75,190,0.267,153,272
Ken Landreaux,L,70,165,0.268,91,273
Tom Poquette,L,70,175,0.268,10,274
Rick Leach,L,73,180,0.268,18,275
Willie Crawford,L,73,197,0.268,86,276
George Vukovich,L,72,198,0.268,27,277
Rick Miller,L,72,175,0.269,28,278
Jack Perconte,L,70,160,0.27,2,279
Tim Corcoran,L,71,175,0.27,12,280
Joe Morgan,L,67,160,0.271,268,281
Rudy Law,L,73,165,0.271,18,282
Duane Kuiper,L,72,175,0.271,1,283
Broderick Perkins,L,70,180,0.271,8,284
Steve Braun,L,70,180,0.271,52,285
Al Woods,L,75,190,0.271,35,286
Willie Aikens,L,75,220,0.271,110,287
Thad Bosley,L,75,175,0.272,20,288
Manny Jimenez,L,73,185,0.272,26,289
Ben Oglivie,L,74,160,0.273,235,290
Von Joshua,L,70,170,0.273,30,291
Larry Biittner,L,74,205,0.273,29,292
Gene Locklear,L,70,165,0.274,9,293
Terry Francona,L,73,190,0.274,16,294
Carlos May,L,71,200,0.274,90,295
Jerry Remy,L,69,165,0.275,7,296
Willie Montanez,L,72,170,0.275,139,297
Dane Iorg,L,72,180,0.276,14,298
Richie Hebner,L,73,195,0.276,203,299
Bobby Murcer,L,71,160,0.277,252,300
Jeff Stone,L,72,175,0.277,11,301
Leon Durham,L,73,185,0.277,147,302
Jorge Orta,L,70,170,0.278,130,303
Johnny Grubb,L,75,175,0.278,99,304
Claudell Washington,L,72,190,0.278,164,305
Steve Kemp,L,72,195,0.278,130,306
Vic Davalillo,L,67,150,0.279,36,307
Willie Davis,L,74,180,0.279,182,308
Rusty Staub,L,74,190,0.279,292,309
Chris Chambliss,L,73,195,0.279,185,310
Glenn Adams,L,73,180,0.28,34,311
Al Bumbry,L,68,170,0.281,54,312
Terry Whitfield,L,73,197,0.281,33,313
Willie Stargell,L,74,188,0.282,475,314
Bruce Bochte,L,75,195,0.282,100,315
Floyd Robinson,L,69,175,0.283,67,316
Fred Lynn,L,73,185,0.283,306,317
Jose Cruz,L,72,170,0.284,165,318
Carl Yastrzemski,L,71,175,0.285,452,319
Tony Gonzalez,L,69,170,0.286,103,320
Greg Gross,L,70,160,0.287,7,321
Bill Buckner,L,72,185,0.289,174,322
Gene Richards,L,72,175,0.29,26,323
Mike Hargrove,L,72,195,0.29,80,324
Lou Brock,L,71,170,0.293,149,325
Mike Easler,L,72,190,0.293,118,326
Ron Blomberg,L,73,195,0.293,52,327
Mickey Rivers,L,70,165,0.295,61,328
Keith Hernandez,L,72,180,0.296,162,329
Cecil Cooper,L,74,165,0.298,241,330
Bake McBride,L,74,190,0.299,63,331
Al Oliver,L,72,195,0.303,219,332
Tony Oliva,L,73,175,0.304,220,333
Ralph Garr,L,71,185,0.306,75,334
Matty Alou,L,69,160,0.307,31,335
Lyman Bostock,L,73,180,0.311,23,336
Rod Carew,L,72,170,0.328,92,337
Jerry Koosman,R,74,205,0.119,2,338
Ray Culp,R,72,200,0.123,1,339
Burt Hooton,R,73,210,0.123,4,340
Al Downing,R,71,175,0.127,2,341
Denny Lemaster,R,73,182,0.13,4,342
Gaylord Perry,R,76,205,0.131,6,343
Mario Soto,R,72,174,0.132,1,344
Denny McLain,R,73,185,0.133,1,345
Dave McNally,R,71,185,0.133,9,346
Jim Lonborg,R,77,200,0.136,3,347
Larry Dierker,R,76,215,0.136,4,348
Gary Nolan,R,74,197,0.138,1,349
Woodie Fryman,R,75,197,0.138,2,350
Don Wilson,R,74,195,0.146,1,351
Ray Burris,R,77,200,0.151,1,352
Tom Seaver,R,73,195,0.154,12,353
Joe Niekro,R,73,185,0.156,1,354
Carl Morton,R,72,200,0.156,7,355
Tommy John,R,75,180,0.157,5,356
Mel Stottlemyre,R,73,178,0.16,7,357
John Vukovich,R,73,187,0.161,6,358
Jim Barr,R,75,205,0.162,1,359
Ken Holtzman,R,74,175,0.163,2,360
Luis Tiant,R,72,180,0.164,5,361
Juan Marichal,R,72,185,0.165,4,362
Fergie Jenkins,R,77,205,0.165,13,363
J.R. Richard,R,80,222,0.168,10,364
Phil Niekro,R,73,180,0.169,7,365
Andy Messersmith,R,73,200,0.17,5,366
Steve Blass,R,72,165,0.172,1,367
Sonny Siebert,R,75,190,0.173,12,368
Ray Oyler,R,71,165,0.175,15,369
Tommy Dean,R,72,165,0.18,4,370
Dick Ruthven,R,75,190,0.183,1,371
Bill Plummer,R,73,190,0.188,14,372
Ron Clark,R,70,175,0.189,5,373
Tony Cloninger,R,72,210,0.192,11,374
Luis Pujols,R,74,175,0.193,6,375
Mike Krukow,R,77,205,0.193,5,376
Mike Ryan,R,74,205,0.193,28,377
Rich Morales,R,71,170,0.195,6,378
Rick Wise,R,73,180,0.195,15,379
Bob Davis,R,72,180,0.197,6,380
Orlando Mercado,R,72,180,0.199,7,381
Frank Fernandez,R,72,185,0.199,39,382
Doug Camilli,R,71,195,0.199,18,383
Bob Uecker,R,73,190,0.2,14,384
Tom Egan,R,76,218,0.2,22,385
Jim Rooker,R,72,195,0.201,7,386
Jerry Zimmerman,R,74,185,0.204,3,387
George Smith,R,70,170,0.205,9,388
Tom Nieto,R,73,193,0.205,5,389
Tom Lawless,R,71,170,0.207,2,390
Dick Simpson,R,76,176,0.207,15,391
Jackie Hernandez,R,71,165,0.208,12,392
Bobby Klaus,R,70,170,0.208,6,393
Jack Heidemann,R,72,175,0.211,9,394
Terry Humphrey,R,75,185,0.211,6,395
Angel Salazar,R,72,180,0.212,2,396
Ned Yost,R,73,190,0.212,16,397
Dave Nicholson,R,74,215,0.212,61,398
Dick Tracewski,R,71,160,0.213,8,399
Curt Motton,R,68,164,0.213,25,400
Ken Rudolph,R,73,180,0.213,6,401
Dave Campbell,R,73,180,0.213,20,402
Alan Knicely,R,72,190,0.213,12,403
Dave Hilton,R,71,191,0.213,6,404
Bob Forsch,R,76,200,0.213,12,405
Luis Alvarado,R,69,162,0.214,5,406
Frank Quilici,R,73,170,0.214,5,407
Dave Duncan,R,74,190,0.214,109,408
Jim Price,R,72,192,0.214,18,409
Jeff Torborg,R,72,195,0.214,8,410
Jose Arcia,R,75,170,0.215,1,411
Mario Mendoza,R,71,170,0.215,4,412
Bobby Wine,R,73,187,0.215,30,413
Skip Jutze,R,71,190,0.215,3,414
Phil Roof,R,74,190,0.215,43,415
Larry Haney,R,74,195,0.215,12,416
Steve Renko,R,77,230,0.215,6,417
Fred Stanley,R,70,165,0.216,10,418
Hector Torres,R,72,175,0.216,18,419
Pat Corrales,R,72,180,0.216,4,420
Howie Goss,R,76,204,0.216,11,421
Steve Swisher,R,74,205,0.216,20,422
Dal Maxvill,R,71,157,0.217,6,423
Stan Papi,R,72,170,0.218,7,424
Jim Anderson,R,72,170,0.218,13,425
Tucker Ashford,R,73,195,0.218,6,426
Ted Ford,R,70,180,0.219,17,427
John Boccabella,R,73,195,0.219,26,428
Mike Fischlin,R,73,165,0.22,3,429
Rick Auerbach,R,72,165,0.22,9,430
Danny Ainge,R,76,175,0.22,2,431
Todd Cruz,R,72,175,0.22,34,432
Pedro Garcia,R,70,175,0.22,37,433
Bob Coluccio,R,71,183,0.22,26,434
Tim Cullen,R,73,185,0.22,9,435
Jerry Buchek,R,71,185,0.22,22,436
Larry Cox,R,70,178,0.221,12,437
Gary Allenson,R,71,185,0.221,19,438
Duffy Dyer,R,72,187,0.221,30,439
Rick Renick,R,72,188,0.221,20,440
Ken Gerhart,R,72,190,0.221,24,441
Johnnie LeMaster,R,74,165,0.222,22,442
Kevin Bell,R,72,195,0.222,13,443
Jimmie Schaffer,R,69,170,0.223,11,444
Andres Mora,R,72,180,0.223,27,445
Sam Bowens,R,73,188,0.223,45,446
Nelson Mathews,R,76,195,0.223,22,447
Danny Walton,R,72,195,0.223,28,448
Marc Hill,R,75,205,0.223,34,449
Enzo Hernandez,R,68,155,0.224,2,450
Ed Brinkman,R,72,170,0.224,60,451
Carmen Fanzone,R,72,200,0.224,20,452
Jeff Newman,R,74,215,0.224,63,453
Hector Cruz,R,71,170,0.225,39,454
Bobby Cox,R,71,180,0.225,9,455
Paul Casanova,R,76,180,0.225,50,456
Rich McKinney,R,71,185,0.225,20,457
John Kennedy,R,72,185,0.225,32,458
Buck Martinez,R,70,190,0.225,58,459
Gorman Thomas,R,74,210,0.225,268,460
Tim Laudner,R,75,212,0.225,77,461
Nate Oliver,R,70,160,0.226,2,462
Mike Sadek,R,69,165,0.226,5,463
Mike Richardt,R,72,170,0.226,4,464
Buddy Bradford,R,71,170,0.226,52,465
Bob Barton,R,72,175,0.226,9,466
Catfish Hunter,R,72,190,0.226,6,467
Tommie Reynolds,R,74,190,0.226,12,468
Pete Mackanin,R,74,190,0.226,30,469
Ken Suarez,R,69,175,0.227,5,470
Sal Butera,R,72,190,0.227,8,471
Dick Billings,R,73,195,0.227,16,472
Brian Giles,R,73,165,0.228,10,473
Mark Belanger,R,73,170,0.228,20,474
Joe Nossek,R,72,178,0.228,3,475
Hal Lanier,R,74,180,0.228,8,476
Steve Yeager,R,72,190,0.228,102,477
Russ Gibson,R,73,195,0.228,8,478
Wayne Comer,R,70,175,0.229,16,479
Mike Champion,R,72,185,0.229,2,480
Vic Correll,R,70,185,0.229,29,481
Tommie Aaron,R,75,190,0.229,13,482
Glenn Borgmann,R,76,210,0.229,16,483
Dave Hostetler,R,76,215,0.229,37,484
Don Leppert,R,74,220,0.229,15,485
Lenn Sakata,R,69,160,0.23,25,486
Winston Llenas,R,70,165,0.23,3,487
Syd O'Brien,R,73,185,0.23,24,488
Cap Peterson,R,74,195,0.23,19,489
Gary Alexander,R,74,195,0.23,55,490
Barry Foote,R,75,205,0.23,57,491
John Bateman,R,75,210,0.23,81,492
Brad Wellman,R,72,170,0.231,6,493
Ken Walters,R,73,180,0.231,11,494
Jim Beauchamp,R,74,190,0.231,14,495
Elio Chacon,R,69,160,0.232,4,496
Vern Fuller,R,73,170,0.232,14,497
Ron Gardenhire,R,72,175,0.232,4,498
Frank Duffy,R,73,180,0.232,26,499
Bob Tillman,R,76,205,0.232,79,500
Larry Brown,R,70,160,0.233,47,501
Coco Laboy,R,70,165,0.233,28,502
Ron Woods,R,70,168,0.233,26,503
Ron Davis,R,72,175,0.233,10,504
Steve Lombardozzi,R,72,175,0.233,20,505
Joe Lis,R,72,175,0.233,32,506
Terry Harmon,R,74,180,0.233,4,507
Ted Savage,R,73,185,0.233,34,508
Bob Kearney,R,72,190,0.233,27,509
Andres Thomas,R,73,170,0.234,42,510
Jerry Dybzinski,R,74,180,0.234,3,511
Rob Picciolo,R,74,185,0.234,17,512
Fred Kendall,R,73,185,0.234,31,513
Jerry May,R,74,190,0.234,15,514
Julio Gonzalez,R,71,162,0.235,4,515
Fernando Gonzalez,R,70,165,0.235,17,516
Phil Linz,R,73,180,0.235,11,517
Bobby Mitchell,R,75,185,0.235,21,518
Chris Cannizzaro,R,72,190,0.235,18,519
Andy Etchebarren,R,73,190,0.235,49,520
Craig Kusick,R,75,210,0.235,46,521
Dave Rosello,R,71,160,0.236,10,522
Billy Grabarkewitz,R,70,165,0.236,28,523
Eddie Leon,R,72,170,0.236,24,524
Billy Cowan,R,72,170,0.236,40,525
Bobby Knoop,R,73,170,0.236,56,526
Randy Hundley,R,71,170,0.236,82,527
Luis Aguayo,R,69,173,0.236,37,528
Woody Woodward,R,74,180,0.236,1,529
Don Hahn,R,73,180,0.236,7,530
Kurt Bevacqua,R,72,180,0.236,27,531
Dale Berra,R,72,180,0.236,49,532
Byron Browne,R,74,190,0.236,30,533
Ivan Murrell,R,74,195,0.236,33,534
George Mitterwald,R,74,195,0.236,76,535
Doug Ault,R,75,200,0.236,17,536
Andy Kosco,R,75,205,0.236,73,537
Dave Kingman,R,78,210,0.236,442,538
Gil Garrido,R,69,150,0.237,1,539
Dave Edwards,R,72,170,0.237,14,540
Jackie Gutierrez,R,71,175,0.237,4,541
Jerry McNertney,R,72,180,0.237,27,542
Aurelio Rodriguez,R,70,180,0.237,124,543
Glenn Burke,R,72,195,0.237,2,544
Doug Flynn,R,71,165,0.238,7,545
Phil Gagliano,R,73,180,0.238,14,546
Ed Spiezio,R,71,180,0.238,39,547
Chuck Harrison,R,70,185,0.238,17,548
Rick Rhoden,R,75,195,0.238,9,549
Don Lock,R,74,195,0.238,122,550
Doc Edwards,R,74,215,0.238,15,551
Onix Concepcion,R,66,160,0.239,3,552
Chuck Schilling,R,70,160,0.239,23,553
Ron Brand,R,67,167,0.239,3,554
Charley Smith,R,73,170,0.239,69,555
Kiko Garcia,R,71,180,0.239,12,556
Bobby Clark,R,72,190,0.239,19,557
Ken Harrelson,R,74,190,0.239,131,558
Bruce Bochy,R,75,205,0.239,26,559
Dave Roberts,R,75,215,0.239,49,560
Domingo Ramos,R,70,154,0.24,8,561
Pepe Frias,R,70,159,0.24,1,562
Ted Martinez,R,72,165,0.24,7,563
Dick Green,R,70,180,0.24,80,564
Gary Gray,R,72,187,0.24,24,565
Bill Schroeder,R,74,200,0.24,61,566
Joe Ferguson,R,74,200,0.24,122,567
Mickey Klutts,R,71,170,0.241,14,568
Mike Tyson,R,69,170,0.241,27,569
Tom Veryzer,R,73,175,0.241,14,570
Rod Kanehl,R,73,180,0.241,6,571
Hank Allen,R,72,190,0.241,6,572
Joe Gaines,R,73,190,0.241,21,573
Gene Tenace,R,72,190,0.241,201,574
Dave Skaggs,R,74,200,0.241,3,575
Bill Nahorodny,R,74,200,0.241,25,576
Freddie Patek,R,65,148,0.242,41,577
Pepe Mangual,R,70,157,0.242,16,578
Don Wert,R,70,162,0.242,77,579
Bruce Benedict,R,73,175,0.242,18,580
Glenn Hoffman,R,73,175,0.242,23,581
Bob Brower,R,71,185,0.242,17,582
Willie Norwood,R,72,185,0.242,18,583
Ron Swoboda,R,74,195,0.242,73,584
Bob Robertson,R,73,195,0.242,115,585
Rey Quinones,R,71,160,0.243,29,586
Mark Wagner,R,72,165,0.243,3,587
Steve Dillard,R,73,180,0.243,13,588
Ozzie Virgil,R,73,180,0.243,98,589
Gary Woods,R,74,185,0.243,13,590
Gary Sutherland,R,72,185,0.243,24,591
Nate Colbert,R,74,190,0.243,173,592
Rick Joseph,R,73,192,0.243,13,593
Darryl Motley,R,69,196,0.243,44,594
Hal Breeden,R,74,200,0.243,21,595
Glenn Hubbard,R,69,150,0.244,70,596
Dave Nelson,R,70,160,0.244,20,597
Paul Schaal,R,71,165,0.244,57,598
Pedro Gonzalez,R,72,176,0.244,8,599
Johnny Jeter,R,73,180,0.244,18,600
Floyd Rayford,R,70,190,0.244,38,601
Jim Essian,R,74,195,0.244,33,602
Leroy Stanton,R,73,195,0.244,77,603
Deron Johnson,R,74,200,0.244,245,604
Doug Griffin,R,72,160,0.245,7,605
Roberto Pena,R,68,170,0.245,13,606
Angel Mangual,R,70,178,0.245,22,607
Ellie Rodriguez,R,71,185,0.245,16,608
Roger Freed,R,72,190,0.245,22,609
Jody Davis,R,76,192,0.245,127,610
Ted Cox,R,75,195,0.245,10,611
Marty Perez,R,71,160,0.246,22,612
Rafael Santana,R,73,165,0.246,13,613
Tom Brookens,R,70,165,0.246,71,614
Chris Speier,R,73,175,0.246,112,615
Bruce Miller,R,73,185,0.246,1,616
Mike Anderson,R,74,200,0.246,28,617
Charlie Spikes,R,75,215,0.246,65,618
Ed Romero,R,71,160,0.247,8,619
Bucky Dent,R,69,170,0.247,40,620
Bob Heise,R,72,175,0.247,1,621
Ken Hubbs,R,74,175,0.247,14,622
Adolfo Phillips,R,73,175,0.247,59,623
Lou Clinton,R,73,185,0.247,65,624
Max Alvis,R,71,185,0.247,111,625
Mike Diaz,R,74,195,0.247,31,626
Gary Roenicke,R,75,205,0.247,121,627
Bob Brenly,R,74,210,0.247,91,628
Brant Alyea,R,75,215,0.247,38,629
Earl Williams,R,75,215,0.247,138,630
Dick Howser,R,68,155,0.248,16,631
Ron Theobald,R,68,165,0.248,2,632
Luis Melendez,R,72,165,0.248,9,633
Carl Warwick,R,70,170,0.248,31,634
Junior Kennedy,R,71,175,0.248,4,635
Rod Gilbreath,R,74,180,0.248,14,636
Danny Thompson,R,72,183,0.248,15,637
Steve Nicosia,R,70,185,0.248,11,638
Mickey Stanley,R,73,185,0.248,117,639
Jim Sundberg,R,72,190,0.248,95,640
Ken McMullen,R,75,190,0.248,156,641
Butch Hobson,R,73,193,0.248,98,642
Joe Foy,R,72,215,0.248,58,643
Chico Salmon,R,70,160,0.249,31,644
Alex Trevino,R,70,165,0.249,23,645
Jerry Royster,R,72,165,0.249,40,646
Tito Landrum,R,71,175,0.249,13,647
Tom Grieve,R,74,190,0.249,65,648
John Orsino,R,75,215,0.249,40,649
Mike Edwards,R,70,154,0.25,2,650
Jimmy Wynn,R,70,160,0.25,291,651
Jake Wood,R,73,163,0.25,35,652
Paul Blair,R,72,168,0.25,134,653
Joe Strain,R,70,169,0.25,1,654
Jim Pankovits,R,70,170,0.25,9,655
Marv Breeding,R,72,175,0.25,7,656
Greg Pryor,R,72,180,0.25,14,657
Rick Bosetti,R,71,185,0.25,17,658
Denis Menke,R,72,185,0.25,101,659
Dick Bertell,R,72,200,0.25,10,660
Nick Esasky,R,75,200,0.25,122,661
Fran Healy,R,77,220,0.25,20,662
Andre Robertson,R,70,155,0.251,5,663
Lenny Faedo,R,72,170,0.251,5,664
Otto Velez,R,72,170,0.251,78,665
Mike de la Hoz,R,71,175,0.251,25,666
Rico Petrocelli,R,72,175,0.251,210,667
Tim Foli,R,72,179,0.251,25,668
Barry Evans,R,73,180,0.251,2,669
Rob Andrews,R,72,185,0.251,3,670
Benny Ayala,R,73,185,0.251,38,671
Jack Hiatt,R,74,190,0.251,22,672
Bobby Darwin,R,74,190,0.251,83,673
Jerry Martin,R,73,195,0.251,85,674
Doug Rader,R,74,208,0.251,155,675
Jerry Moses,R,75,210,0.251,25,676
Lynn Jones,R,69,175,0.252,7,677
Dave Chalk,R,70,175,0.252,15,678
Mike Hershberger,R,70,175,0.252,26,679
Tony Armas,R,71,182,0.252,251,680
Jerry Grote,R,70,185,0.252,39,681
Joe Azcue,R,72,190,0.252,50,682
Jim Hickman,R,75,192,0.252,159,683
Jerry Terrell,R,71,165,0.253,4,684
Larvell Blanks,R,68,167,0.253,20,685
Roy Foster,R,72,185,0.253,45,686
Terry Harper,R,76,195,0.253,36,687
Bill Melton,R,74,200,0.253,160,688
Gene Alley,R,70,160,0.254,55,689
Felix Torres,R,71,165,0.254,27,690
Ivan DeJesus,R,71,175,0.254,21,691
Bill Almon,R,75,180,0.254,36,692
Bob Boone,R,74,195,0.254,105,693
Sal Bando,R,72,195,0.254,242,694
Andre Thornton,R,75,200,0.254,253,695
Frank Taveras,R,72,155,0.255,2,696
Bob Dernier,R,72,160,0.255,23,697
Frank White,R,71,165,0.255,160,698
Ken Berry,R,72,175,0.255,58,699
Bo Diaz,R,71,185,0.255,87,700
Charlie James,R,73,195,0.255,29,701
Mike Shannon,R,75,195,0.255,68,702
Tommie Agee,R,71,195,0.255,130,703
Juan Bonilla,R,69,170,0.256,7,704
Billy Conigliaro,R,72,180,0.256,40,705
Ike Brown,R,72,190,0.256,20,706
Cito Gaston,R,75,190,0.256,91,707
Bob Oliver,R,75,205,0.256,94,708
Ray Fosse,R,74,215,0.256,61,709
Leo Cardenas,R,71,150,0.257,118,710
Mario Guerrero,R,70,155,0.257,7,711
Tommy Harper,R,69,165,0.257,146,712
Bob Randall,R,74,175,0.257,1,713
Julian Javier,R,73,175,0.257,78,714
Rich Dauer,R,72,180,0.257,43,715
Bob Bailey,R,73,180,0.257,189,716
Garth Iorg,R,71,170,0.258,20,717
Lou Johnson,R,71,170,0.258,48,718
Bill Robinson,R,74,189,0.258,166,719
Duane Josephson,R,72,190,0.258,23,720
Steve Brye,R,72,190,0.258,30,721
Bob Montgomery,R,73,195,0.258,23,722
Mike Andrews,R,75,195,0.258,66,723
Cliff Johnson,R,76,215,0.258,196,724
Jerry Morales,R,70,155,0.259,95,725
Bert Campaneris,R,70,160,0.259,79,726
Mickey Brantley,R,70,180,0.259,32,727
Doug DeCinces,R,74,190,0.259,237,728
Al Ferrara,R,73,200,0.259,51,729
Ron Jackson,R,72,200,0.259,56,730
Mark Brouhard,R,73,210,0.259,25,731
Jim Wohlford,R,71,175,0.26,21,732
Phil Garner,R,70,175,0.26,109,733
Jim Morrison,R,71,175,0.26,112,734
Julio Gotay,R,72,180,0.26,6,735
Ken Reitz,R,72,180,0.26,68,736
John Stearns,R,72,185,0.26,46,737
Bobby Valentine,R,70,189,0.26,12,738
Art Howe,R,74,190,0.26,43,739
Don Baylor,R,73,190,0.26,338,740
Ron Washington,R,71,155,0.261,20,741
Davey Johnson,R,73,170,0.261,136,742
Don Money,R,73,170,0.261,176,743
Elliott Maddox,R,71,180,0.261,18,744
Charlie Moore,R,71,180,0.261,36,745
Ron Cey,R,70,185,0.261,316,746
Dick Dietz,R,73,195,0.261,66,747
Jeff Burroughs,R,73,200,0.261,240,748
Rick Reichardt,R,75,210,0.261,116,749
Ted Sizemore,R,70,165,0.262,23,750
John Wockenfuss,R,72,190,0.262,86,751
Bill Freehan,R,75,203,0.262,200,752
John Wathan,R,74,205,0.262,21,753
Dave Engle,R,75,210,0.262,31,754
John Ellis,R,74,225,0.262,69,755
Manny Trillo,R,73,150,0.263,61,756
Cookie Rojas,R,70,160,0.263,54,757
Ed Charles,R,70,170,0.263,86,758
Davey Lopes,R,69,170,0.263,155,759
Bill Russell,R,72,175,0.263,46,760
Al Gallagher,R,72,180,0.263,11,761
Larry Parrish,R,75,190,0.263,256,762
Bob Bailor,R,71,170,0.264,9,763
Toby Harrah,R,72,175,0.264,195,764
Chuck Hinton,R,73,180,0.264,113,765
Junior Moore,R,71,185,0.264,7,766
Tony Conigliaro,R,75,185,0.264,166,767
Eric Soderholm,R,71,187,0.264,102,768
Joe Rudi,R,74,200,0.264,179,769
Ollie Brown,R,74,178,0.265,102,770
Joel Youngblood,R,72,180,0.265,80,771
Bombo Rivera,R,70,187,0.265,10,772
Dick Davis,R,75,190,0.265,27,773
Jim Fregosi,R,73,190,0.265,151,774
Mike Brown,R,74,195,0.265,23,775
Reid Nichols,R,71,165,0.266,22,776
Bobby Grich,R,74,180,0.266,224,777
Carl Taylor,R,74,200,0.266,10,778
Jeffrey Leonard,R,74,200,0.266,144,779
Joe Charboneau,R,74,205,0.266,29,780
Dave Concepcion,R,74,155,0.267,101,781
Barbaro Garbey,R,70,170,0.267,11,782
Bill Stein,R,70,170,0.267,44,783
Bubba Morton,R,70,175,0.267,14,784
Lee May,R,75,195,0.267,354,785
Mike Schmidt,R,74,195,0.267,548,786
Johnny Bench,R,73,197,0.267,389,787
Leon Roberts,R,75,200,0.267,78,788
David Green,R,75,170,0.268,31,789
Bobby Bonds,R,73,190,0.268,332,790
George Scott,R,74,200,0.268,271,791
Tony Horton,R,75,210,0.268,76,792
Tommy Helms,R,70,165,0.269,34,793
Ron Pruitt,R,72,185,0.269,12,794
Chris Brown,R,72,185,0.269,38,795
Rich Rollins,R,70,185,0.269,77,796
Mike Ivie,R,75,205,0.269,81,797
Walt Williams,R,66,165,0.27,33,798
Rufino Linares,R,72,170,0.27,11,799
Alan Bannister,R,71,170,0.27,19,800
Paul Dade,R,73,185,0.27,10,801
Dan Ford,R,73,185,0.27,121,802
Al Cowens,R,73,197,0.27,108,803
Sixto Lezcano,R,70,165,0.271,148,804
Dave Stapleton,R,73,178,0.271,41,805
Ray Knight,R,73,185,0.271,84,806
Merv Rettenmund,R,70,190,0.271,66,807
Bob Johnson,R,70,175,0.272,44,808
Bill Sample,R,69,175,0.272,46,809
Barry Bonnell,R,75,190,0.272,56,810
Rick Burleson,R,70,165,0.273,50,811
Ron Hunt,R,72,186,0.273,39,812
Chet Lemon,R,72,190,0.273,215,813
Larry Hisle,R,74,193,0.273,166,814
Willie Horton,R,71,209,0.273,325,815
Juan Beniquez,R,71,150,0.274,79,816
Rennie Stennett,R,71,160,0.274,41,817
George Foster,R,73,180,0.274,348,818
Larry Herndon,R,75,190,0.274,107,819
Donn Clendenon,R,76,209,0.274,159,820
Jose Cardenal,R,70,150,0.275,138,821
Danny Cater,R,72,170,0.276,66,822
Gary Ward,R,74,195,0.276,130,823
Greg Luzinski,R,73,220,0.276,307,824
Amos Otis,R,71,165,0.277,193,825
Gene Clines,R,69,170,0.277,5,826
Enos Cabell,R,76,170,0.277,60,827
Ron Santo,R,72,190,0.277,342,828
Bob Horner,R,73,195,0.277,218,829
Cesar Tovar,R,69,155,0.278,46,830
John Castino,R,71,175,0.278,41,831
Dusty Baker,R,74,183,0.278,242,832
Jim Ray Hart,R,71,185,0.278,170,833
George Hendrick,R,75,195,0.278,267,834
Ellis Valentine,R,76,205,0.278,123,835
Felix Millan,R,71,172,0.279,22,836
Tony Perez,R,74,175,0.279,379,837
Mike Vail,R,73,180,0.279,34,838
Buddy Bell,R,73,180,0.279,201,839
Keith Moreland,R,72,190,0.279,121,840
Jesus Alou,R,74,190,0.28,32,841
Steve Henderson,R,74,190,0.28,68,842
Mickey Hatcher,R,74,200,0.28,38,843
Cleon Jones,R,72,185,0.281,93,844
Gary Matthews,R,74,185,0.281,234,845
Wayne Nordhagen,R,74,205,0.282,39,846
Tom Paciorek,R,76,215,0.282,86,847
Damaso Garcia,R,73,165,0.283,36,848
Dave Cash,R,71,170,0.283,21,849
Glenn Beckert,R,73,190,0.283,22,850
Garry Maddox,R,75,175,0.285,117,851
Cesar Cedeno,R,74,175,0.285,199,852
Lee Lacy,R,73,175,0.286,91,853
Phil Bradley,R,72,185,0.286,78,854
Jose Morales,R,71,187,0.287,26,855
Richie Zisk,R,73,200,0.287,207,856
Lamar Johnson,R,74,215,0.287,64,857
Ron LeFlore,R,72,200,0.288,59,858
Alex Johnson,R,72,205,0.288,78,859
Hal McRae,R,71,180,0.29,191,860
Lou Piniella,R,72,182,0.291,102,861
Dick Allen,R,71,187,0.292,351,862
Thurman Munson,R,71,190,0.292,113,863
Steve Garvey,R,70,192,0.294,272,864
Bob Watson,R,72,201,0.295,184,865
Manny Sanguillen,R,72,193,0.296,65,866
Joe Torre,R,74,212,0.297,252,867
Jim Rice,R,74,200,0.298,382,868
Rico Carty,R,75,200,0.299,204,869
Manny Mota,R,70,160,0.304,31,870
Bill Madlock,R,71,180,0.305,163,871
